<?xml version='1.0' encoding='UTF-8' ?>
<timeLogEntries>
  <time id="1" path="/Non Project/LAB3AED/Planning" start="@1555865226000" delta="154" flag="A" />
  <time id="2" path="/Non Project/LAB3AED/Planning" start="@1555957207000" delta="190" flag="A" />
  <time id="3" path="/Non Project/LAB3AED/Planning" start="@1556065470000" delta="129" flag="A" />
  <time id="4" flag="D" />
  <time id="5" flag="D" />
  <time id="6" flag="D" />
  <time id="7" flag="D" />
  <time id="8" flag="D" />
  <time id="9" flag="D" />
  <time id="10" path="/Non Project/LAB3AED/Design" start="@1556049137000" delta="225" flag="A" />
  <time id="11" path="/Non Project/LAB3AED/Design" start="@1556061321000" delta="75" flag="A" />
  <time id="12" flag="D" />
  <time id="13" path="/Non Project/LAB3AED/Code" start="@1556134250000" delta="215" flag="A" />
  <time id="14" path="/Non Project/LAB3AED/Code" start="@1556151797000" delta="130" flag="A" />
  <time id="15" path="/Non Project/LAB3AED/Code" start="@1556157278000" delta="75" flag="A" />
  <time id="16" flag="D" />
  <time id="17" path="/Non Project/LAB3AED/Code" start="@1556206154000" delta="163" flag="A" />
  <time id="18" path="/Non Project/LAB3AED/Code" start="@1556216624000" delta="69" flag="A" />
  <time id="19" path="/Non Project/LAB3AED/Code" start="@1556238674000" delta="135" flag="A" />
  <time id="20" path="/Non Project/LAB3AED/Code" start="@1556246674000" delta="60" flag="A" />
  <time id="21" flag="D" />
  <time id="22" path="/Non Project/LAB3AED/Compile" start="@1556248981000" delta="34" flag="A" />
  <time id="23" flag="D" />
  <time id="24" path="/Non Project/LAB3AED/Test" start="@1556252585000" delta="29" flag="A" />
  <time id="25" flag="D" />
</timeLogEntries>
